GPU_VRAM,CNT
4096,1615455
8192,1233213
6144,1229455
2048,1215067
1024,1119440
,357804
3072,306622
512,152376
11264,128933
12288,106922
10240,65257
2112,62037
8176,61254
1536,59416
5461,38718
10922,35612
4095,32218
24576,29742
16384,27987
0,26194
5376,22494
2108,16979
256,16868
768,14853
3829,12983
3810,12026
16368,12010
6128,11806
80,9534
12272,9458
4006,9149
4007,8964
3970,8317
1969,8103
384,7594
3989,7223
21845,6238
2080,6152
8103,5990
8102,5888
2176,5212
4012,5028
15360,4880
497,4701
2056,4340
2052,3997
1965,3982
8084,3878
8093,3798
1762,3788
7925,3638
8085,3519
2055,3472
1809,3452
2053,3356
3988,3008
2076,2813
16278,2750
1797,2568
4080,2476
5120,2369
2304,2255
2172,2230
1958,2094
1964,2059
2054,2039
1959,1910
8044,1896
49152,1851
8046,1834
3840,1733
3948,1693
2058,1679
1792,1670
3950,1654
1922,1545
2047,1523
43690,1493
2057,1470
3831,1358
2051,1351
1800,1335
1796,1294
1003,1281
1280,1245
3991,1226
1812,1175
6065,1173
1908,1143
2059,1068
1009,1063
3954,1060
1837,1036
3926,1025
2032,1018
1912,985
16285,969
8035,963
491,936
4004,893
2560,892
1803,890
2050,889
245,861
2049,851
3766,846
8087,845
7927,843
3971,834
16221,833
1923,825
896,820
237,812
2993,770
7898,765
1806,760
3931,754
128,743
2160,743
1804,737
3997,737
238,707
1799,688
1945,671
8027,671
2061,657
2027,656
1722,649
1778,615
2030,611
498,601
1790,600
3880,585
1801,578
8100,571
2043,567
1956,563
3845,560
1802,534
8086,527
1008,521
1795,492
2046,487
1755,487
239,482
8058,476
7972,475
1808,472
3942,472
1905,467
1906,438
1845,437
32,429
1723,425
16276,419
7973,408
1826,407
3876,404
3877,404
2060,399
1960,396
1033,394
1813,394
2300,380
1798,372
1791,371
1811,370
3056,370
1285,359
500,353
233,349
1810,342
235,341
3770,340
2063,337
2083,333
3990,328
1793,328
2085,325
2086,324
234,314
1789,313
2236,312
2778,308
8092,305
1828,304
2819,299
8101,296
2821,291
1949,289
3852,286
2028,285
232,283
1721,282
1300,279
7958,277
2044,274
1787,270
241,268
1023,265
4008,262
7950,248
2035,245
1962,240
2556,239
3787,238
3792,237
1006,233
2747,231
4152,230
1010,228
8029,228
2004,225
1779,225
1832,223
502,221
492,213
231,210
1702,210
770,207
4005,204
1794,203
2041,202
3958,197
1961,197
3803,196
1807,195
869,195
7964,193
2031,193
3952,192
1872,190
4166,189
2062,187
3848,180
1777,177
1889,176
2969,175
119,173
2114,172
2021,172
2038,171
1899,170
994,169
743,166
461,166
482,166
236,163
493,162
1928,161
1840,160
480,160
802,159
1825,158
1428,157
1035,153
3961,151
16227,151
2102,150
1898,150
761,149
1907,148
8042,147
2746,147
7976,147
2065,135
1776,135
1289,133
3953,132
32666,132
2282,132
1829,132
2045,131
1742,131
1954,130
3812,130
1788,129
1895,128
2147,128
1942,128
3857,128
2073,126
489,126
3851,125
1781,125
250,125
2779,124
368,123
832,122
2833,121
1664,121
16123,120
3933,118
229,117
8098,117
769,117
3968,117
2152,115
49140,115
6050,115
4169,114
8091,114
8090,114
7942,112
1943,112
8078,112
1814,111
7948,111
6212,108
1894,108
2128,107
1299,106
1805,106
496,106
2002,105
1983,105
2025,104
10224,103
1718,101
16126,100
1031,100
1059,100
490,100
4157,99
3769,99
1165,99
2280,99
2154,99
727,98
1754,98
495,98
1705,98
2034,97
3860,97
1920,97
1029,97
230,96
8094,95
3844,95
773,94
8099,94
1707,94
3969,93
1552,93
8075,91
1940,91
775,90
3791,90
1030,89
2745,89
1833,89
1403,89
2155,87
2960,87
3839,87
1291,86
1527,86
244,84
754,84
1158,84
7965,84
1039,84
23040,84
2984,83
3972,82
2071,81
2987,80
485,80
2005,79
996,79
1946,78
1897,77
1784,77
1785,77
1555,77
1904,77
2832,77
730,77
8083,76
1902,76
336,76
1026,75
1644,75
494,74
2091,74
1022,73
1541,73
4162,72
2962,72
501,72
228,71
2743,71
784,71
1531,70
1014,70
16218,69
4114,69
1823,68
2153,68
872,67
6217,67
1015,66
1827,65
2079,65
246,65
4010,65
1001,65
2283,64
24564,64
328,63
1786,63
2156,63
2078,61
1839,61
8054,61
1414,60
7971,60
1302,59
1519,58
1018,58
1773,58
8096,57
4011,57
2985,57
2133,57
704,57
1729,56
8097,56
3584,55
8088,55
499,55
3956,55
4003,55
3771,54
2827,54
3940,54
772,54
821,53
2742,53
1719,53
2136,53
1838,53
3858,53
377,52
3938,51
4009,51
1824,51
3962,51
470,51
6061,50
1257,49
744,49
4175,48
468,48
2125,48
1514,48
4181,48
999,48
1032,47
1891,47
3856,47
2020,47
2088,46
469,46
762,46
1275,46
16147,45
1780,45
2024,44
1193,44
2961,44
3767,44
2129,43
1746,43
875,42
1745,42
227,42
960,42
462,42
2355,42
1909,41
2130,41
2150,41
1535,41
16196,40
1630,40
2039,40
980,40
8034,40
1637,40
3957,39
774,39
3994,39
1695,38
1287,38
6056,38
3951,37
1025,37
2974,37
1843,36
3859,36
8095,36
4002,36
3986,36
1546,36
247,36
3815,35
375,35
1816,35
1913,35
3996,34
3846,34
972,34
4105,34
738,34
8082,34
1677,34
6190,34
4000,33
2869,33
876,33
3955,33
3893,33
782,32
1871,32
2092,32
736,31
8036,31
1168,31
1012,31
7683,30
459,30
8028,30
2075,29
4180,29
8089,29
8045,29
464,29
4112,29
3898,29
8076,28
2973,28
992,28
16277,28
1888,28
3949,28
1760,28
61,27
7955,27
2037,27
8070,27
1751,27
2139,27
1020,27
6037,26
2036,26
1283,26
486,26
466,25
335,25
362,25
1948,25
683,25
6053,25
4163,25
4068,24
1017,24
7963,24
3802,24
2151,24
3838,24
32658,24
8066,24
1775,24
505,23
997,23
1944,23
995,23
1296,23
3920,23
312,23
488,22
1720,22
1884,22
3946,22
8041,22
1921,22
1011,22
3843,22
1551,22
16254,21
32752,21
1675,21
8033,21
5409,20
6057,20
1950,20
1743,20
776,20
4032,20
1559,20
8024,19
3959,19
2107,19
1272,19
64,19
1167,19
3998,19
1830,19
2010,19
1298,18
8080,18
7864,18
428,18
1643,18
2811,18
1957,18
3999,18
3979,18
4001,18
883,18
1934,18
1503,18
1968,18
1530,18
1951,17
3945,17
2989,17
1772,17
3891,17
242,17
1681,17
32651,17
8079,17
1543,17
4064,16
2936,16
8037,16
798,16
8073,16
506,16
1836,16
2040,16
2978,15
1947,15
332,15
3764,15
3978,15
2033,15
8039,15
1939,15
8026,15
2008,15
1435,15
8043,15
6073,15
3973,15
3892,15
1659,14
729,14
1873,14
3967,14
1880,14
3157,14
970,14
1544,14
3849,14
1952,14
1650,14
455,14
1892,14
1937,14
6099,14
3869,14
7959,14
8209,13
7848,13
248,13
16142,13
1970,13
2981,13
1935,13
1955,13
315,13
2861,13
1938,13
3983,13
465,13
16220,13
8018,13
8055,13
3799,13
1270,13
12356,13
72,13
8020,13
967,13
1279,13
2026,13
1771,13
3878,12
7720,12
3910,12
8002,12
424,12
8019,12
187,12
1927,12
8077,12
7953,12
922,12
7957,12
3995,12
1941,12
4131,12
7829,12
3853,12
976,12
8104,12
1963,12
1782,12
1932,12
6227,11
3936,11
3653,11
321,11
1203,11
7897,11
4164,11
4608,11
8074,11
864,11
7989,11
1685,11
1850,11
3776,11
1682,11
7852,11
3855,11
1924,11
1971,11
1646,11
1308,11
7943,11
185,11
777,11
1936,11
426,11
2087,10
1730,10
1967,10
216,10
1533,10
1733,10
6226,10
874,10
57,10
1639,10
1666,10
1004,10
3071,10
2836,10
88,10
1866,10
1841,10
3875,10
1966,10
1855,10
1973,10
3944,10
2835,10
721,10
261,10
733,10
3879,10
1711,10
993,10
1557,10
1931,10
284,10
7765,10
184,10
1914,10
1691,10
476,10
344,10
3924,10
3781,10
3836,10
8040,10
195,9
1847,9
7766,9
829,9
3904,9
1753,9
1641,9
1783,9
410,9
198,9
3750,9
1667,9
1694,9
3905,9
688,9
7865,9
1869,9
112,9
7882,9
1756,9
7843,9
8081,9
690,9
1844,9
59,9
82,9
845,9
1896,9
7857,9
3874,9
7548,9
3935,9
1727,9
7888,9
189,9
323,9
7867,9
1709,9
326,9
3873,9
65,9
1741,9
8021,9
1852,9
1633,9
7870,9
1911,9
679,9
755,9
3789,9
7836,9
55,9
3895,8
779,8
67,8
7952,8
1561,8
1656,8
1930,8
7994,8
7890,8
4154,8
3906,8
3922,8
75,8
1875,8
2144,8
691,8
1851,8
3909,8
324,8
1953,8
2135,8
981,8
7917,8
109,8
640,8
7907,8
858,8
8067,8
1929,8
3911,8
1418,8
219,8
7838,8
911,8
1573,8
1309,8
831,8
870,8
3871,8
1994,8
380,8
1881,8
7969,8
7808,8
1542,8
1684,8
7906,8
1715,8
1700,8
484,8
317,8
1853,8
1972,8
812,8
3907,8
1858,8
1653,8
94,8
916,8
816,8
1849,8
1626,8
463,8
1679,8
8014,8
1670,8
7874,8
3682,8
3145,8
1671,8
330,8
3966,8
121,8
3917,8
7701,7
913,7
7624,7
406,7
1848,7
1642,7
1774,7
3976,7
429,7
1854,7
1857,7
1831,7
1713,7
8204,7
806,7
16284,7
3816,7
16282,7
405,7
316,7
3925,7
56,7
122,7
2744,7
7686,7
860,7
53,7
862,7
7887,7
1885,7
1686,7
402,7
873,7
7661,7
62,7
66,7
1737,7
3807,7
1926,7
84,7
7658,7
693,7
7945,7
7929,7
3899,7
85,7
1539,7
1274,7
1919,7
7834,7
3921,7
7546,7
7674,7
503,7
1585,7
7845,7
7657,7
1883,7
7592,7
7634,7
841,7
1874,7
7863,7
83,7
674,7
728,7
7652,7
7372,7
8016,7
1698,7
833,7
3947,7
850,7
7630,7
7651,7
1693,7
7932,7
226,7
3914,7
1576,7
1738,7
1770,7
7587,7
796,7
7648,7
1817,7
7579,7
1865,7
7807,7
7827,7
107,7
1703,7
7912,7
1712,7
1861,7
1577,7
1532,7
8071,7
158,7
1835,7
79,7
7552,7
68,7
1766,7
7550,7
1013,7
7868,6
325,6
7913,6
7789,6
1689,6
1747,6
1661,6
7696,6
617,6
7946,6
936,6
7796,6
7536,6
319,6
1842,6
3539,6
4028,6
680,6
7619,6
411,6
7764,6
7737,6
1876,6
7856,6
60,6
7641,6
8009,6
878,6
3699,6
7849,6
7603,6
365,6
7873,6
7394,6
848,6
867,6
200,6
7594,6
191,6
7653,6
346,6
1992,6
272,6
7505,6
222,6
7391,6
1612,6
194,6
8063,6
3727,6
3431,6
695,6
7886,6
508,6
1558,6
181,6
7646,6
7825,6
757,6
1769,6
7668,6
852,6
1933,6
487,6
69,6
2022,6
8008,6
3864,6
1687,6
4037,6
255,6
740,6
188,6
3918,6
3775,6
3834,6
7775,6
3640,6
7788,6
7914,6
1582,6
7675,6
1631,6
7771,6
1672,6
3790,6
23,6
1680,6
7861,6
1887,6
483,6
1710,6
91,6
3928,6
807,6
3837,6
76,6
7926,6
1513,6
81,6
7961,6
856,6
902,6
3974,6
1572,6
843,6
924,6
264,6
7525,6
327,6
70,6
756,6
2012,6
1915,6
7802,6
7666,6
8072,6
1759,6
1676,6
3833,6
425,6
7408,6
58,6
52,6
7866,6
99,6
1910,6
7282,6
1652,6
838,6
7664,6
7842,6
7985,6
7730,6
731,6
1665,6
3149,6
1484,6
3674,6
7717,6
7573,6
7667,6
7896,6
7622,6
606,6
3885,6
446,6
607,6
7977,6
116,6
1550,6
795,6
7590,6
3835,6
106,6
7869,6
98,6
7389,6
7941,6
741,6
221,6
7562,6
7516,6
78,6
8053,6
172,6
1593,6
288,6
7830,6
1750,6
7777,6
1925,6
7538,6
7962,6
415,6
1592,6
1553,6
3903,6
269,6
1903,6
27,6
697,6
334,6
1900,6
3569,5
3890,5
1518,5
7984,5
1549,5
203,5
7159,5
7689,5
1278,5
863,5
44,5
182,5
308,5
1494,5
7714,5
205,5
148,5
295,5
1502,5
413,5
407,5
404,5
792,5
3760,5
725,5
7847,5
111,5
89,5
7677,5
669,5
1526,5
7841,5
179,5
7885,5
1879,5
793,5
7333,5
1820,5
7722,5
689,5
4059,5
7893,5
6398,5
7580,5
3964,5
7809,5
1688,5
7578,5
7935,5
3866,5
1594,5
8032,5
201,5
7175,5
408,5
7811,5
4071,5
7684,5
1238,5
810,5
305,5
186,5
3670,5
149,5
92,5
7915,5
801,5
2016,5
7798,5
7854,5
3723,5
8068,5
4038,5
161,5
7292,5
6170,5
3823,5
34,5
3886,5
7631,5
3887,5
809,5
7551,5
50,5
7427,5
1886,5
857,5
2820,5
123,5
1725,5
102,5
7482,5
764,5
3774,5
7048,5
7975,5
7940,5
7923,5
1486,5
7583,5
73,5
168,5
7528,5
7604,5
3725,5
3984,5
3734,5
3915,5
1605,5
7328,5
7859,5
7759,5
3965,5
3759,5
1356,5
3937,5
196,5
3932,5
871,5
175,5
1586,5
43,5
865,5
7876,5
1870,5
1601,5
243,5
3655,5
3923,5
1863,5
3593,5
143,5
3975,5
663,5
7774,5
7440,5
7763,5
2023,5
1563,5
7823,5
1660,5
7742,5
7792,5
7479,5
26,5
1465,5
7966,5
7397,5
1821,5
1002,5
150,5
7459,5
1568,5
2765,5
1890,5
3602,5
3762,5
1424,5
7386,5
8065,5
170,5
1714,5
7715,5
369,5
750,5
758,5
851,5
3728,5
35,5
1632,5
8256,5
1997,5
310,5
6983,5
7746,5
7473,5
398,5
3882,5
322,5
7768,5
114,5
827,5
907,5
7588,5
1525,5
7569,5
1628,5
1624,5
453,5
2042,5
7660,5
853,5
3782,5
3927,5
7450,5
6003,5
1579,5
3992,5
1520,5
97,5
1589,5
1761,5
7850,5
815,5
1510,5
1587,5
7315,5
7439,5
825,5
126,5
7754,5
7160,5
1620,5
3698,5
7534,5
3980,5
7939,5
933,5
7628,5
7787,5
615,5
1654,5
7719,5
7632,5
373,5
7726,5
7855,5
54,5
7871,5
177,5
3285,5
7673,5
7586,5
7589,5
1758,5
7207,5
7812,5
7678,5
7481,5
7892,5
1547,5
1517,5
7920,5
790,5
3651,5
481,5
15475,5
839,5
349,5
787,5
1591,5
3913,5
6044,5
329,5
7581,5
209,5
7264,5
3635,5
345,5
3636,5
1142,5
8051,5
7480,5
7649,5
575,5
7875,5
7757,5
7602,5
1655,5
268,5
3934,5
1498,5
7736,5
7626,5
105,5
7729,5
419,5
726,5
877,5
7745,5
370,5
7685,5
546,5
1506,5
213,4
692,4
7620,4
906,4
86,4
671,4
31,4
3941,4
132,4
400,4
7633,4
166,4
7086,4
7402,4
1499,4
3804,4
7437,4
265,4
7884,4
7498,4
15756,4
174,4
42,4
1468,4
1598,4
210,4
7521,4
206,4
3929,4
1487,4
3631,4
16,4
818,4
7815,4
7449,4
3830,4
3660,4
314,4
7839,4
333,4
4185,4
3243,4
7268,4
445,4
6962,4
7688,4
7790,4
1634,4
7591,4
1534,4
266,4
988,4
1662,4
7703,4
7681,4
3550,4
15350,4
3744,4
1834,4
7640,4
379,4
399,4
87,4
7752,4
1276,4
435,4
421,4
7423,4
3665,4
7346,4
1864,4
794,4
677,4
137,4
249,4
77,4
861,4
1635,4
7327,4
251,4
3822,4
7563,4
684,4
7514,4
1580,4
1696,4
828,4
2741,4
7334,4
372,4
7936,4
7991,4
1716,4
416,4
676,4
7381,4
7478,4
1708,4
1744,4
7030,4
6717,4
687,4
3748,4
515,4
1243,4
1523,4
7348,4
1706,4
659,4
199,4
7460,4
682,4
3621,4
7738,4
7644,4
7947,4
458,4
1621,4
8060,4
307,4
7822,4
7557,4
1877,4
169,4
3794,4
3870,4
722,4
7476,4
1212,4
1472,4
573,4
7593,4
884,4
7816,4
142,4
7493,4
7572,4
3462,4
7363,4
1623,4
7510,4
1455,4
382,4
7883,4
891,4
7276,4
7401,4
8017,4
360,4
3714,4
2843,4
277,4
371,4
281,4
7422,4
3985,4
1629,4
8062,4
7905,4
7877,4
847,4
719,4
3861,4
7617,4
2847,4
7709,4
364,4
745,4
427,4
3813,4
859,4
699,4
7247,4
8004,4
7286,4
879,4
320,4
51,4
6977,4
7456,4
7992,4
180,4
7690,4
63,4
6060,4
7233,4
3648,4
723,4
7509,4
844,4
374,4
7555,4
7357,4
11449,4
7894,4
785,4
747,4
3605,4
804,4
3227,4
165,4
7924,4
224,4
412,4
7358,4
7901,4
7744,4
153,4
893,4
306,4
3796,4
1319,4
1647,4
273,4
7642,4
7161,4
7240,4
1699,4
279,4
432,4
7979,4
1704,4
7712,4
7502,4
3894,4
678,4
1528,4
271,4
7524,4
7748,4
7466,4
1043,4
811,4
8023,4
2954,4
7895,4
7708,4
3982,4
7612,4
7539,4
6836,4
6769,4
2357,4
7554,4
616,4
742,4
7782,4
49,4
290,4
3643,4
293,4
7629,4
40,4
1301,4
791,4
3987,4
270,4
3808,4
530,4
300,4
7659,4
934,4
1481,4
291,4
803,4
311,4
854,4
130,4
37,4
395,4
276,4
929,4
159,4
717,4
885,4
1266,4
3625,4
338,4
2992,4
7846,4
1701,4
263,4
654,4
475,4
637,4
7862,4
218,4
3724,4
45,4
7803,4
3868,4
6915,4
3825,4
625,4
1399,4
6907,4
155,4
1735,4
1333,4
96,4
8006,4
278,4
1337,4
3785,4
622,4
439,4
190,4
1508,4
1461,4
1027,4
7749,4
939,4
7662,4
3349,4
7922,4
3819,4
1651,4
6760,4
3591,4
1507,4
836,4
7380,4
636,4
3919,4
706,4
7608,4
7430,4
5606,4
7837,4
3841,4
7734,4
3534,4
113,4
3662,4
1447,4
3809,4
7679,4
7799,4
11530,4
299,4
3667,4
3573,4
309,4
3705,4
3811,4
1522,4
3174,4
304,4
7756,4
93,4
3908,4
3590,4
7556,4
627,4
7778,4
3592,4
6863,4
3510,4
7254,4
420,4
3543,4
1608,4
101,4
192,4
440,4
1445,4
7425,4
8005,4
7968,4
7833,4
1862,4
3570,4
36,4
115,4
3677,4
8038,4
1726,3
1314,3
6828,3
3695,3
1349,3
1529,3
5590,3
7767,3
746,3
509,3
3542,3
1415,3
7022,3
15827,3
3788,3
3912,3
5541,3
1396,3
7699,3
6763,3
921,3
686,3
7073,3
3865,3
957,3
6094,3
1597,3
1564,3
4055,3
1512,3
1622,3
7218,3
866,3
7571,3
3751,3
7800,3
7635,3
7526,3
7980,3
1583,3
1408,3
7824,3
2368,3
1485,3
7776,3
7814,3
3739,3
7731,3
7702,3
3805,3
3832,3
292,3
7321,3
7530,3
1078,3
7900,3
7663,3
7432,3
178,3
3378,3
919,3
1398,3
3784,3
477,3
646,3
7181,3
2473,3
2244,3
1764,3
7713,3
7506,3
685,3
16034,3
1423,3
7755,3
1479,3
3863,3
901,3
7151,3
1028,3
3466,3
117,3
6288,3
696,3
120,3
3702,3
2332,3
183,3
7993,3
700,3
15482,3
966,3
3806,3
955,3
7567,3
7352,3
20,3
3814,3
1366,3
612,3
1162,3
710,3
6913,3
3338,3
2450,3
7535,3
7758,3
1917,3
7710,3
7441,3
708,3
139,3
1604,3
1566,3
8120,3
7428,3
133,3
7733,3
7116,3
3330,3
7904,3
673,3
1619,3
403,3
890,3
2011,3
665,3
5574,3
3963,3
7996,3
5829,3
507,3
7400,3
633,3
7692,3
2953,3
7215,3
652,3
2982,3
2852,3
2700,3
808,3
1464,3
1474,3
3504,3
7669,3
753,3
1493,3
2081,3
715,3
7431,3
2584,3
7217,3
207,3
7858,3
1882,3
1331,3
2801,3
1645,3
7467,3
7429,3
5707,3
6961,3
6035,3
3663,3
7813,3
388,3
14814,3
7951,3
3688,3
7260,3
7420,3
7639,3
2842,3
1413,3
2893,3
6267,3
3562,3
718,3
6637,3
1516,3
7718,3
3603,3
1617,3
6754,3
1818,3
7269,3
7071,3
3372,3
565,3
7999,3
15574,3
11548,3
3749,3
892,3
1306,3
5918,3
1616,3
2799,3
694,3
7520,3
1497,3
584,3
3589,3
3722,3
593,3
638,3
1602,3
6679,3
1556,3
15336,3
3554,3
7851,3
8022,3
16261,3
3664,3
3777,3
1757,3
1420,3
15621,3
1538,3
609,3
3479,3
3013,3
7938,3
7711,3
3828,3
975,3
7724,3
1370,3
3506,3
3122,3
7019,3
887,3
3740,3
1916,3
3523,3
614,3
341,3
3637,3
7180,3
3439,3
7299,3
3066,3
7909,3
7287,3
7105,3
1657,3
6992,3
7654,3
1476,3
3638,3
1663,3
16055,3
7998,3
7490,3
6364,3
342,3
895,3
3186,3
8003,3
6317,3
15443,3
343,3
267,3
7205,3
347,3
7931,3
7986,3
702,3
3079,3
7621,3
127,3
7382,3
1697,3
618,3
7700,3
3368,3
2180,3
125,3
1674,3
7902,3
6729,3
3901,3
7934,3
15653,3
5259,3
7302,3
7747,3
2874,3
6846,3
7559,3
5681,3
7527,3
6072,3
1607,3
1734,3
6675,3
1500,3
15439,3
5813,3
7596,3
11204,3
6998,3
1578,3
3068,3
7665,3
544,3
7531,3
3717,3
528,3
2919,3
7336,3
7229,3
3701,3
1974,3
868,3
7627,3
1560,3
1263,3
7018,3
7067,3
7323,3
7786,3
7088,3
6866,3
714,3
1767,3
3686,3
3661,3
2492,3
7721,3
7981,3
559,3
2014,3
6322,3
713,3
1638,3
5555,3
3747,3
208,3
15933,3
418,3
2805,3
1254,3
14528,3
289,3
675,3
7618,3
6893,3
15394,3
15547,3
7518,3
8015,3
814,3
3732,3
71,3
301,3
824,3
32587,3
6883,3
7647,3
7371,3
749,3
1277,3
90,3
3417,3
3756,3
3406,3
3960,3
7504,3
7750,3
104,3
1509,3
2730,3
698,3
3900,3
11,3
7636,3
531,3
3646,3
202,3
6313,3
3351,3
7499,3
1570,3
846,3
6989,3
780,3
7783,3
7821,3
7384,3
6025,3
886,3
7810,3
16274,3
3768,3
2015,3
7443,3
118,3
7271,3
7413,3
7418,3
3883,3
197,3
656,3
3442,3
7211,3
363,3
7178,3
3673,3
1822,3
257,3
7930,3
6078,3
8064,3
1867,3
7055,3
7077,3
2577,3
3666,3
176,3
1433,3
1034,3
979,3
7614,3
516,3
5525,3
7704,3
8011,3
8031,3
880,3
2887,3
3478,3
3778,3
1856,3
7693,3
7339,3
3630,3
2643,3
6669,3
3588,3
6523,3
681,3
7475,3
7313,3
1846,3
3476,3
1636,3
7769,3
7050,3
357,3
15511,3
3259,3
3009,3
340,3
7523,3
16033,3
14727,3
7691,3
7928,3
204,3
6346,3
1098,3
7489,3
1609,3
1584,3
95,3
423,3
7023,3
1341,3
1052,3
7820,3
3377,3
3742,3
1545,3
3763,3
7349,3
1739,3
1690,3
1369,3
7314,3
8007,3
7568,3
7576,3
1473,3
662,3
3752,3
748,3
940,3
914,3
7446,3
7452,3
7081,3
7680,3
1292,3
3713,3
7424,3
3209,3
15734,3
7643,3
732,3
521,3
7255,3
47,3
5800,3
7283,3
6553,3
3693,3
220,3
709,3
3302,3
1471,3
8030,3
670,3
7801,3
1242,3
167,3
6996,3
7501,3
1588,3
2326,3
7889,3
7878,3
2846,3
909,3
19,3
7529,3
813,3
1323,3
6179,3
7670,3
635,3
7956,3
1554,3
2727,3
5689,3
6238,3
287,3
1569,3
240,3
3854,3
8191,3
3884,3
318,3
1749,3
602,3
7156,3
3410,3
39,3
15385,3
4153,3
313,3
1819,3
1462,3
7419,3
7344,3
6941,3
7119,3
6862,3
2959,3
7671,3
605,3
15620,3
2625,3
108,3
6631,3
711,3
7933,3
7805,3
840,3
1581,3
830,3
1683,3
582,3
6908,3
285,3
3772,3
7040,3
4182,3
7192,3
6041,3
136,3
6937,3
297,3
7157,3
3571,3
5856,3
2823,3
2948,3
2891,3
3632,3
146,3
7672,3
6835,3
1901,3
1524,3
7457,3
6164,3
7236,2
7359,2
2467,2
7716,2
2654,2
3608,2
3460,2
3055,2
583,2
2690,2
3051,2
1618,2
7455,2
1540,2
554,2
7544,2
11869,2
6781,2
3827,2
193,2
5611,2
15617,2
5550,2
5150,2
5999,2
5886,2
3610,2
7831,2
6093,2
6330,2
2605,2
6472,2
3142,2
1460,2
3712,2
1673,2
3757,2
3445,2
1736,2
1768,2
5504,2
1977,2
11164,2
763,2
8010,2
568,2
1273,2
3494,2
5951,2
10981,2
5982,2
7515,2
3619,2
2646,2
3668,2
15797,2
6982,2
2018,2
7735,2
171,2
1450,2
2578,2
3404,2
7024,2
7251,2
15377,2
3704,2
734,2
1371,2
7147,2
6929,2
3745,2
3568,2
2699,2
6912,2
5639,2
3189,2
7471,2
5865,2
6454,2
6245,2
2803,2
5104,2
3155,2
6096,2
5223,2
15285,2
1975,2
5871,2
2633,2
6950,2
1477,2
6812,2
3683,2
926,2
1491,2
7341,2
7496,2
6520,2
6606,2
882,2
3671,2
7645,2
7406,2
760,2
6429,2
15017,2
1752,2
1016,2
3246,2
5480,2
7780,2
6566,2
3633,2
3297,2
2979,2
590,2
15573,2
3371,2
7354,2
2202,2
15314,2
212,2
5450,2
451,2
3131,2
15344,2
3172,2
6213,2
5979,2
262,2
6273,2
6956,2
3343,2
6648,2
457,2
11904,2
603,2
7655,2
14967,2
4052,2
103,2
7967,2
1648,2
11254,2
1548,2
8013,2
4730,2
14975,2
386,2
1229,2
6731,2
1878,2
3735,2
6734,2
2737,2
2260,2
1305,2
7577,2
6943,2
908,2
7472,2
724,2
1313,2
6193,2
639,2
225,2
3512,2
6592,2
2245,2
7623,2
15788,2
414,2
3108,2
3311,2
8048,2
15864,2
2817,2
1367,2
3251,2
925183,2
5608,2
7448,2
7607,2
15656,2
1439,2
7835,2
7615,2
15946,2
14930,2
15159,2
5720,2
6860,2
441,2
1268,2
3555,2
430,2
6761,2
2955,2
30,2
2796,2
1160,2
1611,2
7257,2
6948,2
1457,2
7378,2
805,2
394,2
3731,2
15607,2
14837,2
3295,2
3658,2
7170,2
7695,2
7517,2
1359,2
7605,2
15483,2
11091,2
881,2
6039,2
390,2
6120,2
4520,2
1763,2
11903,2
3485,2
1724,2
3993,2
15238,2
2617,2
3847,2
6981,2
7483,2
535,2
5785,2
6354,2
2639,2
7553,2
15338,2
4597,2
6911,2
3657,2
3190,2
11412,2
7609,2
2669,2
4429,2
6318,2
822,2
894,2
5822,2
6740,2
899,2
2607,2
928,2
7687,2
6036,2
6366,2
1357,2
3148,2
3551,2
2379,2
152,2
1610,2
541,2
3179,2
6857,2
7342,2
7258,2
3216,2
517,2
7076,2
1393,2
1288,2
7872,2
134,2
7407,2
3538,2
6547,2
15120,2
3394,2
15445,2
629,2
18,2
7500,2
15008,2
7723,2
819,2
442,2
1625,2
15111,2
3366,2
3737,2
1860,2
905,2
5917,2
473,2
7190,2
7301,2
3195,2
8061,2
6052,2
2862,2
567,2
2767,2
1740,2
7203,2
7243,2
817,2
7497,2
6953,2
2007,2
6756,2
1595,2
789,2
15480,2
6665,2
1562,2
3706,2
823,2
15411,2
2515,2
6766,2
6290,2
7188,2
7172,2
1496,2
2443,2
6374,2
6935,2
140,2
7826,2
15462,2
2268,2
5709,2
6445,2
5266,2
10504,2
7273,2
519,2
5898,2
7616,2
7656,2
5584,2
11943,2
5016,2
707,2
1387,2
7120,2
7252,2
15415,2
3191,2
15287,2
4752,2
7698,2
12520,2
4385,2
1459,2
1603,2
3315,2
7474,2
6250,2
3248,2
1364,2
2886,2
4134,2
3497,2
3779,2
3467,2
7231,2
6905,2
1400,2
8000,2
15769,2
5082,2
15408,2
2788,2
471,2
4741,2
3800,2
3135,2
1384,2
6946,2
7112,2
3448,2
7295,2
5486,2
15432,2
3881,2
547,2
6338,2
6808,2
915,2
6184,2
387,2
3614,2
2471,2
5626,2
6674,2
624,2
6952,2
3393,2
664,2
7485,2
15313,2
5810,2
6698,2
12489,2
6597,2
943,2
643,2
3850,2
5853,2
2735,2
3981,2
6902,2
7199,2
956,2
1717,2
7253,2
21,2
7804,2
7454,2
1,2
5730,2
1397,2
7230,2
3579,2
3223,2
2120,2
3193,2
7879,2
163,2
16091,2
3801,2
7784,2
2667,2
38,2
2269,2
2384,2
510,2
7772,2
1537,2
2239,2
2999,2
5502,2
7739,2
3088,2
7113,2
1978,2
611,2
5042,2
3469,2
7549,2
217,2
660,2
6871,2
3530,2
4574,2
3654,2
7395,2
6403,2
1189,2
917,2
6684,2
2691,2
6779,2
7249,2
7001,2
3596,2
15474,2
1062,2
1495,2
788,2
7470,2
331,2
6850,2
7519,2
3601,2
280,2
15753,2
1385,2
2644,2
6452,2
5712,2
6993,2
7415,2
703,2
7098,2
1868,2
581,2
12089,2
569,2
701,2
3347,2
7600,2
6481,2
14195,2
7707,2
354,2
1728,2
460,2
1101,2
6017,2
7061,2
7791,2
456,2
1110,2
15597,2
3299,2
2917,2
3578,2
1436,2
15421,2
2506,2
7310,2
1365,2
1893,2
1483,2
3201,2
1453,2
7070,2
6984,2
5746,2
15492,2
5054,2
3611,2
11250,2
2909,2
7445,2
3152,2
16031,2
7494,2
2353,2
7322,2
661,2
7910,2
1982,2
6173,2
5796,2
8001,2
7564,2
6751,2
6951,2
7005,2
653,2
6626,2
6782,2
7436,2
2864,2
1984,2
3567,2
3656,2
634,2
253,2
1993,2
6458,2
5426,2
3211,2
3273,2
7134,2
3426,2
3257,2
5512,2
3452,2
7828,2
1475,2
7307,2
385,2
1200,2
1225,2
7153,2
3916,2
7059,2
3402,2
7311,2
1590,2
7435,2
7293,2
1092,2
3629,2
6192,2
7013,2
6176,2
5521,2
931,2
286,2
3645,2
5943,2
7522,2
5672,2
7393,2
6851,2
6999,2
275,2
1422,2
25,2
7832,2
5919,2
6300,2
6942,2
4583,2
3548,2
6811,2
2673,2
6934,2
1255,2
3026,2
585,2
2293,2
3421,2
6536,2
2106,2
2540,2
3697,2
15348,2
7853,2
5328,2
1492,2
3298,2
2853,2
7426,2
15444,2
11377,2
6542,2
353,2
3241,2
7388,2
7335,2
11100,2
8069,2
5533,2
3730,2
7309,2
6809,2
6965,2
650,2
6959,2
7,2
3755,2
2812,2
623,2
15710,2
1390,2
3821,2
2921,2
7166,2
381,2
6994,2
3059,2
6660,2
1452,2
5703,2
6909,2
7355,2
401,2
438,2
1466,2
7903,2
2572,2
147,2
5944,2
3112,2
3278,2
2190,2
3930,2
3652,2
3151,2
2343,2
5429,2
7438,2
11116,2
3365,2
124,2
672,2
1207,2
10743,2
11923,2
3082,2
7937,2
7743,2
7741,2
3307,2
15372,2
15321,2
2415,2
352,2
1765,2
7599,2
6048,2
7584,2
7794,2
944,2
7280,2
4739,2
771,2
849,2
3120,2
15542,2
6767,2
15292,2
1732,2
5000,2
2331,2
889,2
4616,2
7285,2
3703,2
14855,2
1084,2
2967,2
5668,2
2810,2
7208,2
7566,2
7575,2
15322,2
2782,2
214,2
5789,2
7990,2
588,2
5275,2
258,2
1575,2
7138,2
6570,2
15481,2
2599,2
397,2
6230,2
3237,2
3939,2
2951,2
3547,2
7340,2
6030,2
7908,2
1239,2
7065,2
7613,2
3328,2
7284,2
1339,2
5091,2
3563,2
3441,2
5745,2
2459,2
3212,2
619,2
3773,2
3034,2
946,2
7124,2
8052,2
7221,2
3533,2
3434,2
6701,2
7705,2
7370,2
1596,2
6796,2
1859,2
6886,2
4599,2
2532,2
10865,2
6146,2
3902,2
434,2
3444,2
6043,2
4174,2
436,2
6097,2
14438,2
1152,2
6042,2
6247,2
7047,2
2760,2
610,2
578,2
6678,2
6500,2
5518,2
15593,2
6438,2
15648,2
4783,2
16081,2
15517,2
3490,2
2841,2
2096,2
15523,2
16067,2
1443,2
599,2
1469,2
6783,2
3544,2
6393,2
1048,2
3220,2
7111,2
6931,2
2925,2
2593,2
1281,2
7390,2
8025,2
837,2
15405,2
7155,2
7079,2
2426,2
2692,2
2777,2
7414,2
3236,2
3817,2
5811,2
48,2
1206,2
564,2
2736,2
1567,2
3842,2
16089,2
7982,2
3780,2
1421,2
6843,2
6040,2
927,2
778,2
3581,2
16027,2
1244,2
2889,2
7197,2
5121,2
8012,2
1045,2
3505,2
2253,2
667,2
3595,2
7183,2
1991,2
11118,2
587,2
4579,2
7442,2
16099,2
2523,2
3205,2
6277,2
302,2
15811,2
555,2
15576,2
7365,2
2546,2
3508,2
7093,2
7224,2
13,2
15289,2
595,2
5469,2
6954,2
1640,2
1338,2
15387,2
17,2
7083,2
6381,2
3293,2
6289,2
6985,2
3229,2
6339,2
6023,2
1392,2
1096,2
932,2
7543,2
7542,2
6113,2
5154,2
7899,2
162,2
15515,2
5365,2
7797,2
6168,2
3184,2
7860,2
1505,2
5795,2
3397,2
4111,2
2681,2
15270,2
7101,2
11017,2
3862,2
2077,2
6693,2
971,2
5113,2
5389,2
5007,2
11243,2
6314,2
15365,2
4070,2
2688,2
6502,2
356,2
15875,2
1380,2
11743,2
6307,2
6899,2
2924,2
7753,2
7171,2
5255,2
7308,2
3224,2
7880,2
2945,2
16046,2
15804,2
11444,2
7625,2
3256,2
6562,2
2517,2
450,2
7369,2
1692,2
7637,2
5539,2
409,2
3021,2
6865,2
7204,2
16242,2
3070,2
3634,2
7398,2
3031,2
2991,2
6379,2
2900,2
3446,2
3872,2
2009,2
3310,2
820,2
7486,2
3337,2
2825,2
160,2
3493,2
3650,2
533,2
5260,2
6392,2
538,2
3684,2
6607,2
1678,2
223,2
3194,2
835,2
7104,2
15021,2
294,2
5736,2
11496,2
7795,2
6335,2
918,2
2652,2
1351,2
1411,2
259,2
2371,2
930,2
7075,2
912,2
7350,2
1246,2
2390,2
5149,2
5739,2
3524,2
15210,2
7262,2
5523,2
6292,2
6638,2
3463,2
13979,2
3708,2
3612,2
15818,2
7044,2
7373,2
3626,2
3424,2
6917,2
6371,2
3618,2
131,2
1815,2
900,2
7123,2
7421,2
2848,2
3690,2
7405,2
6262,2
2776,2
6350,2
3761,2
6801,2
7574,2
11359,2
5666,2
154,2
7291,2
3187,2
642,2
5823,2
668,2
1361,2
7818,2
46,2
7035,2
6823,2
15282,2
5692,2
3111,2
7403,2
7007,2
7279,2
626,2
3754,2
1216,2
7025,2
1267,2
7477,2
1050,2
7533,2
842,2
7072,2
3450,2
1521,2
6814,2
6407,2
7337,2
3411,2
6486,1
5964,1
3074,1
7234,1
990,1
5564,1
5921,1
14450,1
15435,1
1137,1
7141,1
6324,1
6632,1
1290,1
6351,1
10297,1
3384,1
7045,1
15840,1
1375,1
5597,1
15033,1
5883,1
3022,1
7416,1
6624,1
6478,1
14830,1
11167,1
5594,1
6635,1
4700,1
15412,1
6558,1
15816,1
2714,1
6806,1
7114,1
2885,1
14605,1
9504,1
6571,1
4172,1
6640,1
5702,1
10953,1
2001,1
15532,1
7356,1
3521,1
12293,1
5087,1
15437,1
7021,1
1346,1
15327,1
11119,1
15929,1
14648,1
5664,1
6244,1
7029,1
14483,1
4045,1
14505,1
923,1
6837,1
6583,1
965,1
2420,1
11333,1
5244,1
1368,1
11469,1
8416,1
16252,1
15099,1
3370,1
3087,1
15939,1
620,1
11008,1
2442,1
2366,1
3416,1
658,1
14041,1
7198,1
3296,1
8746,1
3132,1
14165,1
1470,1
7318,1
2235,1
16009,1
4808,1
13438,1
6532,1
5553,1
7316,1
15052,1
4689,1
4655,1
135,1
3495,1
10077,1
14126,1
15110,1
3321,1
156,1
2526,1
10220,1
2404,1
5033,1
3710,1
7379,1
5930,1
351,1
3405,1
6852,1
15357,1
6119,1
15332,1
3564,1
15998,1
4824,1
1286,1
15708,1
3549,1
5631,1
5114,1
11352,1
3798,1
13479,1
7054,1
5375,1
6333,1
5526,1
14630,1
2249,1
6987,1
15784,1
1441,1
3171,1
2855,1
10918,1
6521,1
4792,1
4977,1
14266,1
10591,1
2701,1
11341,1
6794,1
2169,1
2385,1
6549,1
3649,1
4985,1
2421,1
2522,1
14644,1
7200,1
13819,1
2800,1
4183,1
2757,1
3313,1
13694,1
14369,1
14124,1
5805,1
2618,1
6002,1
15311,1
13127,1
5484,1
6947,1
766,1
6059,1
6903,1
5997,1
4333,1
6188,1
4255,1
5586,1
15428,1
5654,1
1416,1
11619,1
11031,1
6382,1
2629,1
16092,1
3267,1
4678,1
2488,1
3576,1
6483,1
6830,1
6114,1
15354,1
786,1
3097,1
3691,1
4484,1
15065,1
6762,1
5972,1
1149,1
628,1
393,1
15403,1
3116,1
3398,1
8057,1
5383,1
15051,1
15789,1
2902,1
13021,1
7329,1
6898,1
4315,1
6757,1
13406,1
6758,1
4518,1
6344,1
15054,1
15868,1
6269,1
10975,1
3597,1
1294,1
15969,1
2907,1
1297,1
8326,1
5648,1
2946,1
7063,1
15878,1
2568,1
15209,1
7117,1
2525,1
7242,1
14181,1
11770,1
15307,1
1000,1
15193,1
6792,1
6191,1
10466,1
5893,1
566,1
15494,1
15598,1
5543,1
3099,1
536,1
11473,1
1159,1
2877,1
14664,1
2682,1
3182,1
15489,1
5354,1
5462,1
5716,1
4634,1
14552,1
11043,1
7202,1
3018,1
12444,1
11877,1
4142,1
6891,1
15467,1
4407,1
4550,1
15487,1
15601,1
6343,1
7463,1
2620,1
3312,1
2220,1
950,1
6887,1
3733,1
15457,1
452,1
3518,1
7000,1
3137,1
11169,1
16015,1
2246,1
5508,1
14302,1
5895,1
15157,1
5677,1
11581,1
3540,1
15402,1
10974,1
1235,1
4855,1
479,1
14895,1
2640,1
15847,1
3420,1
2944,1
4296,1
7706,1
9535,1
5457,1
6527,1
7304,1
6095,1
3443,1
15628,1
1186,1
2203,1
6595,1
7140,1
15654,1
5078,1
2177,1
15754,1
2631,1
7085,1
1419,1
5076,1
3436,1
4650,1
6822,1
8049,1
6006,1
3561,1
5456,1
522,1
15137,1
6123,1
5060,1
4408,1
13701,1
2481,1
11617,1
3101,1
5294,1
2444,1
7164,1
2717,1
11151,1
6938,1
7376,1
173,1
12266,1
1157,1
14476,1
6748,1
4198,1
6386,1
3215,1
5347,1
15776,1
15023,1
5905,1
548,1
5370,1
4459,1
2163,1
3644,1
15413,1
903,1
6312,1
3012,1
14700,1
1431,1
524,1
14439,1
15056,1
4899,1
2440,1
11209,1
5683,1
6210,1
2929,1
1310,1
3758,1
4400,1
5569,1
5935,1
3069,1
5280,1
2784,1
6765,1
11472,1
6055,1
6015,1
7130,1
5705,1
15877,1
15950,1
10999,1
3455,1
4919,1
14249,1
6202,1
4961,1
10900,1
2208,1
4837,1
6331,1
15175,1
9602,1
4561,1
7142,1
14729,1
6356,1
3340,1
16106,1
1355,1
4534,1
6925,1
1463,1
378,1
12068,1
12613,1
4996,1
7545,1
1350,1
11162,1
2570,1
5029,1
2403,1
12398,1
5911,1
5158,1
3696,1
15525,1
3039,1
14261,1
1258,1
4316,1
2709,1
3627,1
14811,1
5556,1
14344,1
3221,1
15019,1
13716,1
1565,1
7610,1
1141,1
4170,1
5390,1
3516,1
7468,1
2844,1
1320,1
12467,1
1234,1
4069,1
74,1
5407,1
14810,1
6657,1
254,1
2655,1
6140,1
6203,1
2772,1
3335,1
6646,1
942,1
5079,1
14778,1
4934,1
13674,1
16108,1
1345,1
15456,1
2552,1
2671,1
4203,1
2230,1
15416,1
11871,1
3178,1
11906,1
1218,1
12016,1
8149,1
2242,1
2197,1
6367,1
4483,1
10859,1
855,1
376,1
15882,1
600,1
6489,1
6235,1
6408,1
14922,1
5125,1
6283,1
2651,1
15718,1
3721,1
1344,1
4390,1
6805,1
1440,1
6986,1
14829,1
14937,1
15427,1
7080,1
6231,1
4706,1
3286,1
5832,1
6834,1
15539,1
3647,1
6038,1
13177,1
5277,1
15647,1
5067,1
2918,1
739,1
2766,1
6029,1
3729,1
6503,1
15518,1
4321,1
6414,1
5224,1
15031,1
3399,1
4903,1
6774,1
5591,1
12775,1
15067,1
4077,1
12718,1
5313,1
13584,1
6829,1
15845,1
523,1
2968,1
4917,1
16082,1
7312,1
1406,1
12501,1
3606,1
3141,1
7785,1
10685,1
2195,1
7037,1
11180,1
7461,1
556,1
6018,1
3419,1
2066,1
11418,1
11083,1
6487,1
7978,1
8050,1
7676,1
1511,1
7387,1
11502,1
6327,1
12806,1
1379,1
14368,1
6795,1
6819,1
433,1
2724,1
2255,1
7469,1
15093,1
7881,1
2533,1
14689,1
12899,1
3011,1
15982,1
15343,1
5673,1
3624,1
2613,1
7194,1
7458,1
15758,1
6522,1
5973,1
15473,1
15554,1
14608,1
14606,1
14180,1
5808,1
2278,1
15106,1
6623,1
5567,1
15044,1
7495,1
3474,1
11474,1
3324,1
5352,1
552,1
2937,1
3361,1
5308,1
2764,1
3514,1
15312,1
5914,1
296,1
5665,1
4604,1
4231,1
15423,1
8117,1
15155,1
4029,1
3245,1
14947,1
14583,1
3153,1
7773,1
6804,1
4826,1
2899,1
6084,1
5170,1
13130,1
15243,1
15704,1
14209,1
949,1
11907,1
14319,1
15378,1
7781,1
5052,1
3447,1
2364,1
783,1
2373,1
1489,1
15166,1
14684,1
2582,1
9171,1
4388,1
2299,1
3440,1
3818,1
5089,1
3736,1
1427,1
14622,1
157,1
2143,1
1166,1
3007,1
6816,1
4073,1
797,1
358,1
6743,1
2816,1
15548,1
5237,1
5902,1
5,1
11286,1
14070,1
14224,1
2433,1
15469,1
6677,1
10600,1
1088,1
6441,1
3357,1
6507,1
2664,1
5483,1
3376,1
9642,1
6873,1
15477,1
15842,1
11629,1
15961,1
4704,1
2209,1
1316,1
5803,1
14725,1
2308,1
6320,1
7611,1
1627,1
15676,1
7017,1
12075,1
6813,1
5169,1
6334,1
14444,1
14527,1
11541,1
6715,1
6724,1
7169,1
621,1
2423,1
630,1
6958,1
6207,1
5453,1
9795,1
6884,1
1363,1
16010,1
1327,1
14588,1
10783,1
15858,1
366,1
5314,1
3232,1
2201,1
13576,1
15218,1
14991,1
7728,1
608,1
5777,1
13515,1
5229,1
6728,1
29365,1
2291,1
1488,1
2094,1
5245,1
5247,1
3140,1
3700,1
6444,1
15666,1
6378,1
6091,1
1150,1
13780,1
1731,1
6063,1
15623,1
14581,1
1072,1
3323,1
4383,1
2504,1
6868,1
6874,1
3024,1
1256,1
5399,1
4690,1
984,1
5455,1
5214,1
7298,1
5235,1
6963,1
5269,1
4732,1
4621,1
7239,1
5024,1
10128,1
3689,1
5894,1
2416,1
6613,1
11354,1
6741,1
13762,1
11921,1
7970,1
3557,1
3599,1
14177,1
6790,1
7995,1
2212,1
5615,1
11799,1
1668,1
7294,1
4886,1
15291,1
2706,1
4654,1
2642,1
5248,1
2603,1
4614,1
14767,1
3692,1
12787,1
367,1
3289,1
2475,1
14586,1
7135,1
6799,1
3078,1
15527,1
11394,1
7227,1
15659,1
2347,1
6504,1
15001,1
4485,1
15591,1
5913,1
14898,1
14578,1
15386,1
6463,1
2931,1
7351,1
6555,1
1253,1
4651,1
5162,1
4947,1
5727,1
2105,1
6910,1
1989,1
12412,1
14632,1
2571,1
12582,1
15152,1
1116,1
5047,1
7241,1
350,1
16026,1
14,1
15611,1
11478,1
5947,1
7560,1
2980,1
14762,1
6319,1
13467,1
2455,1
6512,1
6493,1
2734,1
15906,1
1658,1
2597,1
5923,1
15721,1
15740,1
11594,1
2718,1
15353,1
4442,1
2830,1
5157,1
15127,1
2606,1
15062,1
15410,1
594,1
11081,1
2068,1
15850,1
4290,1
15822,1
6186,1
13755,1
14629,1
15203,1
16007,1
15370,1
1114,1
5924,1
448,1
7347,1
15764,1
14569,1
15463,1
6174,1
7732,1
5221,1
3472,1
15388,1
3225,1
5534,1
1220,1
3344,1
5465,1
2794,1
15575,1
12321,1
6918,1
6916,1
6856,1
15115,1
8119,1
4416,1
15928,1
12125,1
1606,1
6531,1
12755,1
4586,1
2315,1
14173,1
2551,1
2780,1
2003,1
15568,1
14516,1
2218,1
3217,1
6400,1
5090,1
15145,1
7725,1
6080,1
4795,1
7598,1
4460,1
5317,1
2093,1
9820,1
5315,1
2668,1
6619,1
11632,1
1669,1
3036,1
11350,1
13100,1
3210,1
6565,1
2513,1
6299,1
579,1
759,1
15526,1
2913,1
7360,1
6124,1
2210,1
12383,1
7158,1
5802,1
1980,1
3559,1
572,1
6490,1
2072,1
4341,1
4227,1
2957,1
3233,1
3057,1
15140,1
1197,1
15235,1
2731,1
9993,1
15375,1
15392,1
6879,1
2429,1
14901,1
6926,1
5649,1
6234,1
2898,1
6737,1
2363,1
5786,1
1446,1
11577,1
3719,1
11373,1
7585,1
11378,1
3103,1
2711,1
6298,1
3322,1
5794,1
283,1
7806,1
7102,1
10651,1
6224,1
3433,1
7074,1
632,1
138,1
7056,1
10880,1
2686,1
16039,1
2914,1
15138,1
737,1
10740,1
6543,1
2425,1
5857,1
1124,1
12100,1
1325,1
14643,1
7036,1
2934,1
15629,1
7770,1
7361,1
2536,1
716,1
6750,1
6109,1
215,1
2634,1
1999,1
15977,1
6625,1
11395,1
6332,1
22,1
1404,1
15558,1
2621,1
2017,1
2468,1
4748,1
7094,1
5981,1
15549,1
14913,1
6587,1
3038,1
11605,1
705,1
5196,1
7404,1
3139,1
6608,1
5776,1
12872,1
10646,1
3380,1
7216,1
2971,1
6749,1
9538,1
7016,1
2822,1
1230,1
10106,1
7464,1
15163,1
7366,1
8581,1
8047,1
7189,1
2740,1
14754,1
5557,1
11599,1
545,1
15627,1
14356,1
2588,1
5580,1
16094,1
3458,1
11934,1
5719,1
11570,1
1425,1
6049,1
2804,1
3607,1
13444,1
3127,1
4208,1
3428,1
15339,1
2422,1
13507,1
1077,1
1311,1
2559,1
1362,1
3718,1
6279,1
2679,1
7375,1
6922,1
11117,1
540,1
2798,1
14988,1
1076,1
982,1
6668,1
5530,1
2013,1
11464,1
10,1
11120,1
4942,1
3566,1
14969,1
2739,1
14227,1
391,1
4827,1
6215,1
2838,1
6232,1
15651,1
10096,1
11561,1
3255,1
6064,1
14670,1
3746,1
2391,1
6827,1
5489,1
11745,1
449,1
1128,1
2241,1
2428,1
11543,1
7043,1
3609,1
5970,1
11012,1
5123,1
14875,1
6979,1
14873,1
4997,1
15,1
8300,1
6574,1
5250,1
6106,1
7014,1
3276,1
4822,1
11137,1
3016,1
14252,1
1208,1
6568,1
3367,1
6241,1
15303,1
5633,1
5852,1
1105,1
6082,1
14695,1
15646,1
15657,1
6690,1
16080,1
5219,1
1174,1
3943,1
5753,1
3345,1
15855,1
5634,1
3362,1
898,1
9522,1
11157,1
7270,1
6847,1
3342,1
1007,1
12242,1
5271,1
5353,1
888,1
2516,1
6417,1
14518,1
1395,1
10391,1
15712,1
5986,1
6442,1
6752,1
8933,1
5296,1
3160,1
14336,1
14666,1
2587,1
10907,1
6089,1
2538,1
3385,1
525,1
11197,1
2912,1
2141,1
3520,1
16064,1
15808,1
3680,1
10196,1
16075,1
2583,1
2815,1
15635,1
6546,1
7225,1
13577,1
11484,1
15390,1
4607,1
5965,1
11875,1
15664,1
1073,1
15182,1
2512,1
1179,1
5578,1
5690,1
5839,1
6221,1
6939,1
7487,1
14184,1
4889,1
5851,1
14375,1
3089,1
2660,1
5682,1
7325,1
3169,1
1079,1
5877,1
15453,1
10049,1
4303,1
15244,1
14188,1
2920,1
15194,1
4481,1
10333,1
6251,1
1358,1
7891,1
15595,1
11471,1
2482,1
6001,1
4237,1
2573,1
10476,1
4207,1
7162,1
14515,1
2344,1
6844,1
10993,1
4711,1
2872,1
13951,1
5118,1
7182,1
7919,1
10383,1
14701,1
15907,1
11450,1
15346,1
2677,1
7332,1
5379,1
11794,1
3110,1
6129,1
5734,1
6875,1
11556,1
10837,1
11429,1
11220,1
2367,1
6416,1
592,1
1335,1
3165,1
5718,1
4406,1
2352,1
6152,1
7595,1
9067,1
1171,1
3422,1
7133,1
1147,1
7097,1
15359,1
4908,1
5827,1
4451,1
3498,1
15833,1
5026,1
2591,1
3496,1
3582,1
2632,1
2988,1
6375,1
3483,1
720,1
15886,1
5140,1
4780,1
6365,1
10060,1
3292,1
5513,1
14361,1
5715,1
3560,1
3166,1
11913,1
947,1
15677,1
1649,1
6070,1
5178,1
13873,1
3126,1
6960,1
15366,1
15777,1
5068,1
5238,1
571,1
15142,1
1164,1
1317,1
3062,1
6222,1
5599,1
13568,1
16041,1
5613,1
6585,1
11123,1
941,1
437,1
15713,1
3156,1
11479,1
1985,1
5714,1
6151,1
5897,1
2958,1
15215,1
13118,1
5819,1
1434,1
2976,1
3046,1
11194,1
5415,1
6125,1
7345,1
14924,1
15514,1
15049,1
11044,1
5035,1
6620,1
2641,1
5967,1
11583,1
1343,1
3305,1
2318,1
3408,1
3616,1
1293,1
12344,1
3316,1
549,1
6436,1
4629,1
10724,1
5184,1
3709,1
6377,1
1478,1
16168,1
15308,1
5075,1
4863,1
7256,1
14229,1
10385,1
144,1
4758,1
1374,1
6577,1
2406,1
9302,1
5625,1
6355,1
15641,1
11867,1
3244,1
6387,1
2905,1
2365,1
13501,1
15293,1
5773,1
6709,1
7031,1
7983,1
4498,1
11190,1
2411,1
2474,1
1340,1
15616,1
15180,1
3320,1
15873,1
3418,1
11428,1
6564,1
3412,1
6544,1
3077,1
11026,1
2524,1
6924,1
5374,1
15626,1
5348,1
5764,1
2665,1
11248,1
3585,1
15505,1
6199,1
12314,1
33,1
4283,1
1407,1
7410,1
13876,1
14365,1
12052,1
10099,1
4799,1
15301,1
4241,1
4204,1
4495,1
5134,1
4766,1
15148,1
1976,1
2762,1
15185,1
6738,1
2232,1
4410,1
11165,1
6793,1
3513,1
1389,1
3040,1
5901,1
5809,1
4155,1
10361,1
6928,1
14095,1
7068,1
2831,1
5532,1
5349,1
5292,1
1437,1
15169,1
3364,1
7129,1
6538,1
15326,1
15451,1
10523,1
11468,1
11244,1
10440,1
1401,1
5189,1
6824,1
15237,1
3867,1
4836,1
1211,1
1571,1
14404,1
5767,1
3659,1
2118,1
3765,1
7682,1
3306,1
2070,1
2159,1
6995,1
6633,1
7465,1
6764,1
14665,1
5806,1
10990,1
15774,1
5472,1
15447,1
2372,1
5990,1
389,1
6621,1
5194,1
12424,1
3015,1
15258,1
15465,1
2189,1
5001,1
4223,1
925,1
6800,1
11575,1
6286,1
2715,1
14414,1
12204,1
14440,1
14490,1
4968,1
3676,1
10792,1
3240,1
2725,1
14935,1
7143,1
15669,1
904,1
6132,1
5906,1
6775,1
2791,1
3409,1
1130,1
7196,1
41,1
15720,1
3239,1
129,1
3414,1
15825,1
5364,1
3888,1
6147,1
15168,1
5295,1
7122,1
5991,1
6257,1
3352,1
4909,1
5467,1
10666,1
11037,1
7367,1
5949,1
3094,1
5781,1
9012,1
16050,1
3207,1
15599,1
3303,1
2575,1
7540,1
5337,1
1391,1
7411,1
6258,1
15449,1
15582,1
7131,1
3392,1
14460,1
14926,1
15156,1
15095,1
3274,1
3334,1
5909,1
2200,1
5470,1
12560,1
15502,1
998,1
3081,1
6505,1
10499,1
6293,1
2485,1
2286,1
7267,1
2628,1
6618,1
6051,1
1354,1
1918,1
2388,1
8118,1
937,1
3574,1
11016,1
2623,1
14397,1
3064,1
15782,1
2720,1
4397,1
1222,1
16097,1
647,1
14305,1
12744,1
2873,1
7278,1
14673,1
4964,1
3600,1
6007,1
4642,1
5524,1
2930,1
3143,1
5414,1
12144,1
4910,1
2871,1
4612,1
5604,1
7317,1
7185,1
1148,1
3348,1
15994,1
6225,1
8123,1
7987,1
3480,1
11684,1
13655,1
15341,1
15854,1
7374,1
274,1
7451,1
5983,1
1213,1
6261,1
15061,1
4378,1
14992,1
3076,1
7762,1
4039,1
6127,1
15932,1
11010,1
1097,1
9595,1
7248,1
12079,1
15540,1
15272,1
12687,1
5288,1
2272,1
6697,1
3715,1
15806,1
13726,1
3010,1
1132,1
2340,1
15260,1
6892,1
14048,1
2110,1
11279,1
6281,1
1049,1
13927,1
12913,1
11520,1
6236,1
3085,1
6435,1
6639,1
3473,1
7015,1
15852,1
3425,1
2271,1
11499,1
10810,1
4738,1
3353,1
12040,1
252,1
8056,1
6150,1
14489,1
2708,1
5854,1
7319,1
6517,1
4957,1
145,1
4801,1
2611,1
15232,1
2809,1
5849,1
2595,1
6815,1
2333,1
6359,1
14946,1
1332,1
3265,1
6817,1
7353,1
3150,1
14822,1
2911,1
5086,1
4517,1
7132,1
5775,1
11365,1
1215,1
14383,1
6384,1
641,1
15897,1
14086,1
16083,1
5592,1
6671,1
6680,1
5675,1
7503,1
5151,1
5293,1
3206,1
11848,1
11788,1
15382,1
15509,1
14821,1
11978,1
4,1
10510,1
11205,1
2266,1
4512,1
7274,1
12494,1
5791,1
1051,1
6139,1
954,1
4375,1
7058,1
14627,1
2549,1
11317,1
7949,1
5908,1
6818,1
15486,1
6068,1
2316,1
2619,1
3429,1
4437,1
4676,1
16079,1
7049,1
6431,1
1284,1
9673,1
1065,1
6156,1
15083,1
15241,1
2697,1
6589,1
15190,1
6428,1
580,1
472,1
14411,1
3587,1
15383,1
5881,1
2627,1
13829,1
3360,1
2113,1
10928,1
15252,1
5700,1
14089,1
6602,1
7997,1
2875,1
10444,1
13761,1
14183,1
7396,1
7508,1
7226,1
11156,1
5824,1
15556,1
5546,1
1995,1
4596,1
3154,1
2662,1
15678,1
3487,1
7235,1
5572,1
11517,1
6352,1
13333,1
5488,1
1019,1
11163,1
3685,1
3527,1
5419,1
2186,1
8059,1
5220,1
2464,1
15288,1
6732,1
7412,1
6599,1
2915,1
3290,1
6391,1
15674,1
12191,1
4580,1
6492,1
8844,1
574,1
15564,1
1467,1
2117,1
396,1
15271,1
2837,1
14216,1
11179,1
1600,1
4293,1
6622,1
6328,1
6927,1
11283,1
5927,1
3263,1
3325,1
14056,1
14590,1
15786,1
2507,1
1138,1
1190,1
4777,1
5217,1
15246,1
6422,1
3427,1
11992,1
5566,1
10207,1
2756,1
15376,1
11942,1
6121,1
3266,1
1405,1
15173,1
6103,1
1378,1
1214,1
6410,1
644,1
13767,1
11442,1
3383,1
11353,1
3359,1
6455,1
5579,1
11139,1
11300,1
3060,1
7303,1
4814,1
5581,1
10409,1
13057,1
11174,1
2479,1
7392,1
6402,1
15417,1
3509,1
6914,1
10419,1
11145,1
15608,1
9856,1
7195,1
5202,1
3575,1
14164,1
2470,1
14661,1
11256,1
6733,1
11557,1
11002,1
7089,1
6509,1
14237,1
3041,1
6462,1
4805,1
15681,1
6880,1
6707,1
3003,1
651,1
2615,1
15631,1
13509,1
14241,1
6719,1
6228,1
7136,1
7306,1
6496,1
11260,1
13777,1
5880,1
12156,1
3000,1
6479,1
7092,1
15670,1
2881,1
5885,1
5333,1
7201,1
15531,1
958,1
6067,1
8225,1
5640,1
7038,1
1388,1
348,1
4929,1
2341,1
4486,1
11211,1
1574,1
11789,1
5962,1
2670,1
3795,1
7010,1
5481,1
2797,1
3400,1
15952,1
7179,1
2231,1
3783,1
11273,1
14120,1
3242,1
6936,1
15717,1
6859,1
1260,1
14959,1
3341,1
5998,1
2478,1
11129,1
5547,1
3797,1
4261,1
5027,1
13210,1
5670,1
6357,1
14324,1
16087,1
3125,1
15363,1
5490,1
13205,1
14461,1
6877,1
422,1
2840,1
7377,1
2529,1
5685,1
5095,1
2966,1
11330,1
11292,1
14018,1
767,1
7761,1
1232,1
3471,1
15537,1
1599,1
6271,1
4763,1
6476,1
5818,1
14418,1
3333,1
14801,1
7163,1
7597,1
2441,1
6229,1
14315,1
5127,1
2369,1
13219,1
7694,1
532,1
2863,1
13866,1
1099,1
14541,1
5711,1
6972,1
16013,1
10763,1
7128,1
11133,1
12761,1
6849,1
3369,1
5939,1
14333,1
6204,1
1095,1
935,1
2267,1
2234,1
15092,1
1038,1
6561,1
14297,1
3468,1
4343,1
4858,1
14446,1
11946,1
3382,1
5464,1
11318,1
5290,1
11454,1
7296,1
5996,1
5820,1
15584,1
2237,1
7921,1
4590,1
1115,1
5769,1
15085,1
4698,1
7537,1
11224,1
4956,1
3188,1
14574,1
7148,1
10988,1
10893,1
4854,1
7220,1
4254,1
5256,1
5286,1
6031,1
3118,1
7918,1
15074,1
1198,1
7606,1
9715,1
4923,1
15728,1
6991,1
5955,1
7115,1
1172,1
15164,1
2405,1
4825,1
5602,1
3080,1
3531,1
2839,1
355,1
6361,1
5903,1
5870,1
3519,1
11065,1
5253,1
7106,1
7193,1
6691,1
6895,1
15143,1
10723,1
5573,1
15466,1
2590,1
15755,1
6973,1
4546,1
11559,1
7177,1
3407,1
7760,1
16052,1
12658,1
5799,1
2336,1
141,1
6420,1
2161,1
8116,1
15162,1
7109,1
4167,1
29,1
6425,1
7277,1
14857,1
6600,1
14831,1
2074,1
5142,1
5254,1
6845,1
6233,1
3489,1
11532,1
13881,1
9682,1
5915,1
6533,1
444,1
7272,1
7250,1
431,1
3826,1
16021,1
3586,1
10698,1
6853,1
11212,1
3502,1
1061,1
15837,1
6615,1
2663,1
6610,1
2858,1
3124,1
5741,1
7417,1
10247,1
11246,1
3743,1
7383,1
6584,1
5743,1
3279,1
5562,1
11361,1
6569,1
2434,1
4852,1
11041,1
15369,1
5841,1
9636,1
5755,1
3437,1
834,1
826,1
1140,1
4245,1
2879,1
15563,1
586,1
6296,1
13388,1
3288,1
5568,1
3556,1
2414,1
1261,1
11296,1
10660,1
6272,1
5289,1
15991,1
2828,1
14939,1
12655,1
5522,1
6980,1
11166,1
14650,1
2103,1
15544,1
15805,1
11249,1
4455,1
5873,1
2412,1
392,1
13340,1
14044,1
4379,1
10863,1
15188,1
15702,1
6692,1
14174,1
4289,1
5878,1
6494,1
5180,1
7330,1
6721,1
2990,1
2281,1
3283,1
1176,1
2337,1
2460,1
5222,1
518,1
7944,1
15735,1
2439,1
11048,1
3486,1
2389,1
3526,1
6158,1
1247,1
2184,1
303,1
5655,1
15638,1
13835,1
14558,1
2554,1
1060,1
2270,1
1504,1
4159,1
3058,1
6,1
7844,1
2834,1
2100,1
3374,1
15275,1
3423,1
15103,1
2311,1
1262,1
14883,1
7338,1
3623,1
15743,1
511,1
15978,1
5959,1
15795,1
5451,1
7213,1
14986,1
4834,1
4835,1
15972,1
11777,1
13089,1
12691,1
5031,1
10346,1
10706,1
13500,1
4521,1
14568,1
11592,1
6075,1
3123,1
4084,1
15206,1
3270,1
4553,1
16008,1
6033,1
4617,1
2785,1
11272,1
15686,1
12333,1
6548,1
4916,1
4965,1
6968,1
589,1
3280,1
7266,1
5535,1
7513,1
6316,1
7488,1
11724,1
6160,1
3176,1
6539,1
5756,1
2870,1
4694,1
14330,1
7462,1
3388,1
3006,1
11486,1
3092,1
15302,1
6647,1
5382,1
6598,1
3045,1
3033,1
560,1
5319,1
7096,1
4314,1
4972,1
5575,1
1093,1
5039,1
4529,1
3457,1
6687,1
5476,1
2534,1
735,1
9559,1
2183,1
5722,1
655,1
6582,1
6045,1
5436,1
2659,1
15794,1
12514,1
15590,1
6013,1
15589,1
6718,1
5932,1
13840,1
14405,1
11319,1
3049,1
7601,1
16019,1
15213,1
752,1
3741,1
2574,1
1615,1
1295,1
2678,1
2895,1
15126,1
7191,1
7324,1
561,1
211,1
15838,1
563,1
13853,1
5199,1
5651,1
5867,1
6240,1
15915,1
2469,1
3091,1
1979,1
5099,1
14851,1
7960,1
3546,1
10749,1
3318,1
11356,1
15393,1
3753,1
7974,1
15516,1
5866,1
10726,1
15273,1
7087,1
3511,1
13938,1
6682,1
1044,1
7507,1
24,1
417,1
1482,1
591,1
1041,1
11838,1
3594,1
6974,1
2019,1
2115,1
2175,1
6629,1
9846,1
14968,1
7009,1
2696,1
2166,1
3401,1
4067,1
987,1
2097,1
14401,1
5763,1
6802,1
15296,1
1454,1
781,1
7343,1
3275,1
4127,1
10689,1
6612,1
7779,1
6658,1
5778,1
14351,1
14804,1
4978,1
11842,1
7095,1
11231,1
5812,1
2754,1
10637,1
4969,1
3264,1
2545,1
13217,1
4891,1
3720,1
2168,1
4468,1
7154,1
2940,1
6157,1
7409,1
15205,1
6105,1
5616,1
15043,1
1089,1
7547,1
3500,1
4431,1
15955,1
2865,1
15730,1
11049,1
3545,1
2903,1
1383,1
6201,1
10812,1
920,1
1372,1
7840,1
1748,1
2487,1
3105,1
5920,1
6904,1
15347,1
2292,1
4644,1
3738,1
10529,1
2906,1
2923,1
5138,1
11376,1
7066,1
5231,1
2601,1
7290,1
6628,1
15552,1
5267,1
11125,1
5821,1
15247,1
7650,1
13788,1
11332,1
4165,1
3048,1
10594,1
5671,1
4361,1
1432,1
3192,1
14380,1
5969,1
3254,1
1304,1
11511,1
7041,1
5139,1
3501,1
2476,1
12346,1
2608,1
1352,1
7362,1
2598,1
15468,1
1107,1
5984,1
4720,1
3319,1
7137,1
3163,1
12656,1
2749,1
5782,1
6016,1
2319,1
14974,1
6480,1
4374,1
6969,1
6495,1
15460,1
13743,1
6499,1
1458,1
1271,1
5630,1
6360,1
6488,1
6088,1
14084,1
7751,1
15622,1
3053,1
10828,1
10543,1
7565,1
712,1
2307,1
14708,1
3107,1
11476,1
3050,1
13403,1
7492,1
6689,1
16028,1
5050,1
12044,1
13293,1
1082,1
6508,1
11895,1
3711,1
10161,1
5298,1
604,1
10762,1
7206,1
6831,1
12866,1
1998,1
16063,1
15775,1
9,1
5957,1
15889,1
558,1
15612,1
10431,1
2580,1
16072,1
1448,1
15578,1
15253,1
7582,1
3679,1
2792,1
2521,1
504,1
2866,1
9859,1
7558,1
2729,1
7168,1
10901,1
648,1
6864,1
5835,1
799,1
4072,1
3622,1
6295,1
4178,1
2458,1
2949,1
1063,1
5167,1
3281,1
6644,1
13566,1
16102,1
13018,1
3025,1
6681,1
7219,1
4882,1
14523,1
1204,1
3617,1
4017,1
14736,1
7541,1
15091,1
2963,1
5770,1
